Date,Close,High,Low,Open,Volume
2023-04-28,302.4496765136719,304.0935148750173,298.5615040334557,299.2505571443168,36446700
2023-05-01,300.7762756347656,303.7686910534892,300.3726908217299,302.1642048581886,21294100
2023-05-02,300.6286315917969,304.33959922450805,299.1521149683054,302.9418469765617,26404400
2023-05-03,299.6344299316406,303.77851145251077,299.32928557023496,301.81967570546,22360800
2023-05-04,300.6286315917969,302.9418469765617,298.65008970357985,301.44562423928016,22519900
2023-05-05,305.78656005859375,307.08590178354325,299.50643842780966,300.93374972200786,28181200
2023-05-08,303.81793212890625,305.34368416903175,301.29801254398035,305.2747728426147,21318600
2023-05-09,302.1937255859375,305.18614092145225,301.51452555847186,303.1780699689536,21340800
2023-05-10,307.42059326171875,308.09979329228884,302.85325092434726,303.78836006860274,30078000
2023-05-11,305.2549743652344,306.24917164903025,301.4652731163055,305.24515135001195,31680200
2023-05-12,304.1329345703125,305.7866261925519,301.80004281040124,305.68818573031615,19758100
2023-05-15,304.6152038574219,305.04831778842316,302.77448467056973,304.26085429922443,16336500
2023-05-16,306.8594970703125,308.79865663517415,304.9793957630767,304.9793957630767,26730300
2023-05-17,309.75982666015625,310.1840128280389,306.54383920821226,308.07292647953415,24315000
2023-05-18,314.21881103515625,314.73180841196273,309.48364052996965,310.28270017640136,27276000
2023-05-19,314.0411682128906,314.44563523086384,312.0977696709312,312.4627684149511,27529500
2023-05-22,316.84283447265625,318.2337976929915,313.7156584548846,314.29768758586613,24115700
2023-05-23,311.0027770996094,318.36202974124154,310.9929025046368,315.70835276424714,30797200
2023-05-24,309.6118469238281,312.22605590477934,308.3885711303924,310.47996842062906,23384900
2023-05-25,321.5188903808594,322.4856374964896,315.6788189832587,318.87505739171115,43301700
2023-05-26,328.3947448730469,328.8978374792633,319.5064041956886,319.6444980132169,36630600
2023-05-30,326.7374572753906,331.20628466826486,326.05677236540816,330.7031919866763,29503100
2023-05-31,323.9555358886719,331.4035709455312,322.9098221088515,327.8028654551653,45950600
2023-06-01,328.08892822265625,329.02611175560344,320.3350817076628,321.52873380846023,26773900
2023-06-02,330.8708190917969,332.94246713059334,328.05929890382134,329.7363544841506,25864000
2023-06-05,331.403564453125,333.9881799034305,330.1408504123087,330.6932859235735,21307100
2023-06-06,329.1740417480469,330.84122271907466,327.6844529715384,330.80175444190655,20396200
2023-06-07,319.01312255859375,329.97308008554893,318.1450011494344,327.17143469583544,40717100
2023-06-08,320.8677673339844,322.2291369225087,318.98355595766924,319.5655851097024,23277700
2023-06-09,322.37713623046875,325.53390634602147,320.0292702055803,320.6014248165846,22514900
2023-06-12,327.3687744140625,327.6153984673946,320.76911233845874,324.1429125289751,24260300
2023-06-13,329.77587890625,332.42955654153445,325.92854909660264,329.95344102696913,22951300
2023-06-14,332.78466796875,334.46172377002256,328.31584080318265,329.82517898213644,26003800
2023-06-15,343.39935302734375,345.1158468804941,332.6465498488754,332.92276759657176,38899100
2023-06-16,337.7072448730469,346.72383496475805,337.3324015901357,346.57586654973045,46533600
2023-06-20,333.4850769042969,337.4606559646964,331.3246475034231,334.7280719309583,26375400
2023-06-21,329.0556945800781,333.1693972869812,327.5858247663164,331.82774670017375,25117800
2023-06-22,335.12261962890625,335.52708668833833,328.838643577594,329.6081094184592,23556800
2023-06-23,330.4959716796875,333.39627314072527,328.9471954059109,329.8448805246099,23084700
2023-06-26,324.16265869140625,331.571224712544,324.05412845410723,329.2135144395698,21520600
2023-06-27,330.05206298828125,331.61071384237505,324.85320839821026,327.37863643109444,24354100
2023-06-28,331.31475830078125,333.4160000459161,329.30229760192987,330.14082540190753,20259500
2023-06-29,330.52557373046875,331.5712574014784,328.1283949434642,330.19016860066165,16997000
2023-06-30,335.94140625,338.1018352198604,332.6465127324508,333.189073570984,26823800
2023-07-03,333.4258728027344,336.29658063116784,332.0250649242067,334.60968039782284,12508700
2023-07-05,333.5837097167969,337.0364466828848,330.2099093118582,330.5650335205982,18172400
2023-07-06,336.66156005859375,338.3583347909345,330.9694876074592,332.7451687923729,28161200
2023-07-07,332.666259765625,337.17455476042386,332.4492293908837,334.7379078689779,21185300
2023-07-10,327.3490295410156,330.7031407949626,323.1662951750732,330.0816433554904,32791400
2023-07-11,327.98040771484375,328.36512559547043,322.58427205153635,326.58944439701025,26698200
2023-07-12,332.64654541015625,337.03643563123427,331.1372073615491,332.0546416428547,29995300
2023-07-13,338.0328063964844,339.09820909301106,334.4419456196633,334.9746620206647,20567200
2023-07-14,340.57794189453125,346.684355842652,339.66050764457793,342.8962140090438,28302200
2023-07-17,341.06134033203125,342.30430506599646,337.5790099679338,341.0119974589969,20363900
2023-07-18,354.63555908203125,361.82712581899557,337.5494653799333,341.1600154859038,64872700
2023-07-19,350.28509521484375,357.5654427726351,347.6807606209098,356.86503882465547,39732900
2023-07-20,342.1859436035156,353.13605781346064,340.70619925367106,348.79548040834504,33778400
2023-07-21,339.1278076171875,345.56962697471664,335.2410099540345,344.4351622996389,69368900
2023-07-24,340.44970703125,342.2352929441679,337.6875295682125,341.1797347293557,26678100
2023-07-25,346.2404479980469,347.13816315499605,340.4102518285033,342.42268240569985,41637700
2023-07-26,333.2088317871094,340.01568008356725,328.611755590644,336.82928631733375,58383700
2023-07-27,326.2540283203125,336.7207386752654,324.6065664004519,335.8822409797451,39635300
2023-07-28,333.80072021484375,335.418588461766,328.6709579484161,329.16420605704235,28484900
2023-07-31,331.3838195800781,333.1397816268532,328.85836158947654,332.3703157885018,25446000
2023-08-01,331.7981262207031,333.96842988932275,329.1937919238342,330.6636616188916,18311900
2023-08-02,323.0774841308594,329.1247102537569,321.95286408661656,329.1247102537569,27761300
2023-08-03,322.2488708496094,325.42539000063243,321.5484669368351,321.597779707483,18253700
2023-08-04,323.353759765625,330.61438827280773,322.82104332790357,327.3984006637002,23727700
2023-08-07,325.6522521972656,326.638748415641,323.09723060433043,323.9357584110446,17741500
2023-08-08,321.6470947265625,324.31064668065517,318.6382931645677,322.54480993915706,22327600
2023-08-09,317.8786926269531,322.69276896492516,316.7146041895466,322.0614270294025,22373300
2023-08-10,318.5691833496094,323.82722450423125,316.8428151475033,321.6174527338143,20113700
2023-08-11,316.6751708984375,318.05625962756983,314.8994595848591,315.9352987108156,24342600
2023-08-14,319.6641845703125,319.68390365310256,315.75763858404986,317.0499760908107,18836100
2023-08-15,317.513671875,320.7000656335948,316.5666438946888,318.63829206231935,16966300
2023-08-16,316.7425842285156,320.7167146880456,316.1494272765782,317.13801214006867,20698900
2023-08-17,313.2627868652344,318.19581584517493,312.6004217100495,316.8810112071374,21257200
2023-08-18,312.86737060546875,314.74567594521795,307.99362395485656,310.9000660727955,24744800
2023-08-21,318.2057189941406,319.08554388527233,313.42097159988043,314.30079649101214,24040000
2023-08-22,318.779052734375,322.357724957099,317.7904679139887,321.7843590357293,16102000
2023-08-23,323.26727294921875,325.44217186855207,319.7676738405526,320.1235801042698,21166400
2023-08-24,316.3175048828125,329.1790038104103,316.3076093798751,329.05048294908903,23281400
2023-08-25,319.2931213378906,321.6459277591277,315.16081405176266,317.8003486742055,21684100
2023-08-28,320.0049133300781,322.42692799992096,318.0475045559713,321.9425310997952,14808500
2023-08-29,324.6611633300781,325.2246639510212,318.20570528498234,318.20570528498234,19284600
2023-08-30,325.0368347167969,326.0451804445671,322.72354969246516,324.91820935696705,15222100
2023-08-31,324.01861572265625,327.1326523087655,323.0497916021966,325.44218047674366,26411000
2023-09-01,324.90826416015625,328.2002380688031,323.04972002250327,327.5280076864386,14931200
2023-09-05,329.7424621582031,331.02764055502126,324.9082979662232,325.2444131923776,18553900
2023-09-06,329.0801696777344,330.6421206560539,326.41097819074616,329.57446216279004,17535800
2023-09-07,326.14404296875,329.27784015884396,325.27408344304047,327.5082949368657,18381000
2023-09-08,330.4542541503906,332.32269403883413,325.699163331797,326.3219766279449,19530100
2023-09-11,334.0823669433594,334.5568985327326,331.60100931332755,333.39034548000865,16583300
2023-09-12,327.9827880859375,332.94550339059816,327.69612019842117,331.9865748697913,17565500
2023-09-13,332.22381591796875,333.0048063818992,327.38965178199726,327.52803797035625,16544400
2023-09-14,334.83367919921875,336.9689957887937,332.7279887772519,335.2785242515413,20267000
2023-09-15,326.4504699707031,333.5485015094664,325.8869694008101,333.0740001194204,37666900
2023-09-18,325.3037109375,326.62841094537885,322.6345199175024,324.0580844389393,16834200
2023-09-19,324.8984069824219,325.6299802911353,320.8056813654168,322.44673584714667,16505900
2023-09-20,317.1083984375,325.8277253464485,316.85138685350296,325.7486518211925,21436500
2023-09-21,315.8825378417969,321.6361093088124,311.40424936718983,315.61563077468617,35529500
2023-09-22,313.3913269042969,317.7806465273566,312.5411281531975,317.6521256558587,21447900
2023-09-25,313.915283203125,314.0438040776846,311.4042689048914,312.97611540381934,17836000
2023-09-26,308.5768737792969,312.27417127506453,306.48104866233854,311.5327326754824,26297600
2023-09-27,309.2194519042969,310.7121944558891,306.1548329521496,308.7350248311766,19410100
2023-09-28,310.05975341796875,311.8787458429494,305.9175806621763,307.43997954346224,19683600
2023-09-29,312.14569091796875,315.8232280557425,311.3844913845662,314.1228607733478,24140300
2023-10-02,318.1265869140625,318.21558609786393,311.58216015238867,312.66960950158256,20570000
2023-10-03,309.8125915527344,317.7212696106561,307.6574538533491,317.167634390926,21033500
2023-10-04,315.31903076171875,316.38671934680445,310.4156581127954,310.4453144529802,20720100
2023-10-05,315.7144470214844,316.3273949780159,311.30536698470246,315.4475399696837,16965600
2023-10-06,323.5242919921875,325.4322535375942,312.6893801694388,312.9365263852443,25645500
2023-10-09,326.0550537109375,326.5295551178962,319.49083600200555,321.0429214154338,19891200
2023-10-10,324.64141845703125,327.3204751601556,323.92963610326484,327.1820587892371,20557100
2023-10-11,328.6253967285156,329.020824643838,325.3828395521265,327.42918731045415,20063200
2023-10-12,327.3797912597656,329.82159726019745,324.9676416006663,326.79652976741545,19313100
2023-10-13,323.98895263671875,330.019296623983,322.6345659293272,328.5858665652145,21072400
2023-10-16,328.8428649902344,332.3029118179807,326.8261435346823,327.27098859672117,22158000
2023-10-17,328.26947021484375,329.653482917614,323.6725568735075,325.827664522765,18338500
2023-10-18,326.34173583984375,331.759191769858,324.55239964479256,328.6945726494821,23153600
2023-10-19,327.5379333496094,333.0344625947889,327.1326099487148,328.35844548463956,25052100
2023-10-20,322.9410095214844,328.13107971555456,321.7349348600938,327.93335068809495,25012600
2023-10-23,325.5607604980469,328.93183835802176,320.6870445710428,321.7547029032871,24374700
2023-10-24,326.7569885253906,328.0520324209601,323.8604418074662,327.51818809043544,31153600
2023-10-25,336.78125,342.24812359609695,333.7660477847726,341.08157042022475,55053800
2023-10-26,324.1471252441406,337.7302724471152,323.20795749855927,336.6527185001531,37828500
2023-10-27,326.0451965332031,332.876322086507,324.65128814798715,326.6581143687127,29856500
2023-10-30,333.45953369140625,335.5751196269722,328.0420781717034,329.60405903742685,22828100
2023-10-31,334.25042724609375,335.1302822914459,330.8694837708354,334.98200058976215,20265300
2023-11-01,342.11956787109375,343.45416345864317,335.7728398301243,335.9112561909914,28158800
2023-11-02,344.3438720703125,344.84802981392585,340.834377854448,343.27618356893754,24348100
2023-11-03,348.7727355957031,350.34461211282445,343.36517506433484,345.6389384028993,23624000
2023-11-06,352.4601745605469,353.45865496757824,349.3164818069367,349.41534633116447,23828300
2023-11-07,356.41455078125,358.32251260101185,353.54766029950514,355.2974448981005,25833900
2023-11-08,359.05401611328125,359.7163510431648,356.43424222372255,357.55134788937477,26767800
2023-11-09,356.5726623535156,360.62586616316025,356.2464124670446,358.1642694379123,24847300
2023-11-10,365.4501953125,365.8752795812783,356.94835909084804,357.3635478564213,28042100
2023-11-13,362.4942932128906,364.2638685791425,361.7231982203745,364.0167223614231,19986500
2023-11-14,366.0433044433594,367.70414993309754,363.15665355329156,366.77487775321134,27683900
2023-11-15,366.1919250488281,369.6193627244979,363.6559833296178,367.7867626439103,26860100
2023-11-16,372.6307678222656,372.8090670130161,366.6971049772861,367.4697650343208,27182300
2023-11-17,366.3702087402344,370.84767066024057,363.5470174090878,370.09481157714856,40157000
2023-11-20,373.8887939453125,375.3053322916461,367.5093833628424,367.7273146646205,52465100
2023-11-21,369.5599365234375,372.6802933507884,367.62827122388927,372.13548017935176,28423100
2023-11-22,374.294921875,376.21667138013174,371.44201414653855,374.44350452118096,23345300
2023-11-24,373.8788757324219,374.4138035112927,371.61044336899096,373.7798105540461,10176600
2023-11-27,375.0478210449219,377.0587507454245,372.6605222107563,373.2350519605767,22179200
2023-11-28,379.0993347167969,379.3965000397917,374.6020413692927,374.7902561506727,20453100
2023-11-29,375.2855224609375,380.6842269423362,373.88878509131484,380.1493294028235,28963400
2023-11-30,375.344970703125,376.5138612366037,371.9373340529728,374.92890903622725,30554400
2023-12-01,370.98638916015625,374.6020416682448,367.8164846369156,373.21521977574577,33020400
2023-12-04,365.6669006347656,366.0432999492324,359.4855901354516,365.6272685167618,32063300
2023-12-05,369.01507568359375,369.5698044164444,362.1800014727598,363.002209215325,23065000
2023-12-06,365.330078125,370.65946442979055,364.5673336677576,370.0255016850389,21182100
2023-12-07,367.4598693847656,367.95516505438763,362.8734266471938,364.76545973280383,23118900
2023-12-08,370.7090148925781,370.93683155749534,364.7654667428902,365.7263415696411,20144800
2023-12-11,367.8065490722656,368.10374460980563,362.6554922898368,365.0131044942587,27708800
2023-12-12,370.8575744628906,370.8972065792804,366.9744432787704,367.3607883950642,24838300
2023-12-13,370.84765625,374.0869091144722,367.2815215613571,372.48212583174757,30955500
2023-12-14,362.487060546875,370.2434072135556,360.7040083315525,369.79762904450155,43277500
2023-12-15,367.2419738769531,368.8962446456856,362.83382989546425,363.3984742691784,78478200
2023-12-18,369.14385986328125,369.4905728812435,365.2112110016812,365.9739856872879,21802900
2023-12-19,369.7481384277344,369.7481384277344,366.3603026960237,367.9947723838569,20603700
2023-12-20,367.1329345703125,372.49203701128664,367.04378498295705,371.47172920429006,26316700
2023-12-21,370.0255126953125,370.88732235937965,366.5584428639484,369.0547222595686,17708000
2023-12-22,371.0556640625,371.65002486970394,369.20326322723065,370.1641379669173,17091100
2023-12-26,371.13494873046875,373.393495737859,369.98585916804944,371.47174615266005,12673100
2023-12-27,370.550537109375,371.5312129344826,369.30238225527376,370.1741075355698,14905400
2023-12-28,371.74908447265625,372.91797489669426,370.6396271054035,371.83823405783414,14327000
2023-12-29,372.5019836425781,373.61144112939365,369.96607217829995,372.46235152363494,18723000
2024-01-02,367.380615234375,372.3632885983454,363.319184585885,370.3424737462839,25258600
2024-01-03,367.1131286621094,369.7481050532778,365.0427965470012,365.5380921792409,23083500
2024-01-04,364.4781799316406,369.5896348719219,363.71543548306664,367.1825051718643,20901500
2024-01-05,364.2899475097656,368.5593935584056,363.0517083951845,365.4984700948147,20987000
2024-01-08,371.1646728515625,371.66988411040546,365.53812127674354,365.8253710003868,23134000
2024-01-09,372.25433349609375,372.4524336286839,367.6976072202341,368.509899386066,20830000
2024-01-10,379.1686096191406,380.5554615818058,372.77931406448965,372.828831535822,25514200
2024-01-11,381.0111389160156,387.0042042259602,376.80112586493703,382.3682441685505,27850800
2024-01-12,384.8150329589844,385.0230486833725,381.03096664819185,381.8630597761942,21645700
2024-01-16,386.5980529785156,390.32268591338345,383.9729920985464,389.95617197189966,27202300
2024-01-17,385.80560302734375,386.4395657529972,381.1894438434919,384.32963163268903,22234100
2024-01-18,390.1642150878906,390.2830812145117,386.4494974787357,388.0344497047316,23392100
2024-01-19,394.9190979003906,394.9190979003906,389.797726916255,392.0364732172694,29272000
2024-01-22,392.7793884277344,396.85070439221124,389.8868483654438,396.25634353223927,27016900
2024-01-23,395.1468811035156,395.6223758316309,390.22364091426874,392.02652441578425,20525900
2024-01-24,398.7724609375,401.81358370975624,396.68232764982235,397.7620686193911,24867000
2024-01-25,401.0606994628906,403.18057938018296,398.7427194215606,400.5158863337274,21021200
2024-01-26,400.12957763671875,402.3485229332517,398.64369053415635,400.5654402719064,17803300
2024-01-29,405.86505126953125,406.12261467024774,400.5257498805,402.2394836390935,24510200
2024-01-30,404.7457275390625,409.16375662074074,402.6258777098208,408.3812111979871,33477600
2024-01-31,393.8393249511719,411.41243736511643,393.47281096125835,403.1310773427729,47871100
2024-02-01,399.98095703125,404.16125355914335,398.0195753589577,398.0492918889721,30657700
2024-02-02,407.3509826660156,408.7675210638453,399.7630491761005,400.0106970175581,28245000
2024-02-05,401.8334045410156,407.2915729534139,400.189019151807,406.0434180871643,25352300
2024-02-06,401.67486572265625,404.13154308563696,399.11915341177513,402.0612108490808,18382600
2024-02-07,410.1543273925781,410.4019752246544,403.5669011054383,403.60653322309605,22340500
2024-02-08,410.2137756347656,411.65014520614363,408.6486545795197,410.1543425713037,21225300
2024-02-09,416.5931701660156,416.8606491715924,411.18454998916735,411.34304822902254,22032800
2024-02-12,411.35296630859375,416.78138746189904,410.847755055397,416.6030882773996,21202900
2024-02-13,402.4970703125,406.21178774325523,399.59464501524405,401.1300494611104,27824900
2024-02-14,406.3873596191406,406.73471379055,401.50465451788693,404.97813565927675,20401200
2024-02-15,403.4795837402344,406.03011869599004,401.22679392364836,405.0476293953427,21825500
2024-02-16,400.99853515625,405.19649639829663,400.3832375883185,404.86897976610464,22281100
2024-02-20,399.7381591796875,401.4252604899609,394.9943773768075,400.1847314590158,24307900
2024-02-21,399.13275146484375,399.24193376469594,394.21034092041026,397.1380014467668,18631100
2024-02-22,408.5309753417969,409.7020273662852,405.4743254278806,407.08204605240707,27009900
2024-02-23,407.2309265136719,412.7090915973696,405.87131159465224,412.5205590554713,16295900
2024-02-26,404.4521789550781,409.0371695148512,404.27351975281573,408.34246112673543,16193500
2024-02-27,404.39263916015625,405.22627106063214,400.7901378959309,404.898754425873,14835800
2024-02-28,404.6307678222656,406.1987830728558,402.24895832016676,405.0872739909664,13183100
2024-02-29,410.5059509277344,411.06170550216336,402.84444253870316,405.5438348800808,31947300
2024-03-01,412.3518371582031,412.71902889421233,407.76684684717014,408.153876143975,17800300
2024-03-04,411.7762756347656,414.18785690698894,409.1959690810067,410.30747829521556,17596000
2024-03-05,399.59918212890625,411.1112969231929,397.6044321579871,410.8234857245891,26919200
2024-03-06,399.04345703125,402.0902036474927,395.37150921419715,399.91679432847235,22344100
2024-03-07,406.0400695800781,406.6752047214003,399.1923248157397,403.04293193355477,18718500
2024-03-08,403.14215087890625,407.3103404061873,401.2664565057241,404.8689575439801,17971700
2024-03-11,401.4550476074219,402.6062622273282,398.21976836345937,400.700826521959,16120800
2024-03-12,412.13348388671875,412.4212950799544,403.70782104780903,404.5315189350478,22457000
2024-03-13,411.95489501953125,415.0115452878592,408.3325562328795,414.9321647542621,17115900
2024-03-14,421.9981689453125,424.5784751674573,414.8229387375938,417.0558908033508,34157300
2024-03-15,413.2648620605469,419.3980298678985,409.6623611748997,416.11311165944556,45049800
2024-03-18,414.15802001953125,417.54218646296124,410.644833725834,411.11127379953496,20106000
2024-03-19,418.217041015625,418.4750807248628,412.40142563915276,414.6641491974699,19837900
2024-03-20,422.00811767578125,422.7325672103819,417.472736496582,418.8025799169323,17860100
2024-03-21,426.11676025390625,427.55578606152034,423.9235133811952,426.57326646256405,21296200
2024-03-22,425.4915466308594,426.6030558566972,422.8417934382558,426.4442947841674,17636500
2024-03-25,419.65606689453125,424.1716107025241,418.41553787360243,422.0180389961963,18060500
2024-03-26,418.4552307128906,422.76234370981615,418.1575158713517,422.3852180529654,16725600
2024-03-27,418.2369079589844,421.23404544961727,415.83526074059097,421.2241115258407,16705000
2024-03-28,417.53228759765625,418.6735682140503,415.94440442920035,417.7704594727013,21871200
2024-04-01,421.3531188964844,424.64797113919235,419.0209183546172,420.7378213676411,16316000
2024-04-02,418.246826171875,419.1797063812392,414.6740966771135,416.92688638600043,17912000
2024-04-03,417.26434326171875,420.0530500088036,415.91463197146663,416.54979735190346,16502300
2024-04-04,414.71380615234375,425.4220608182633,414.4061573873391,421.76992047315406,19370900
2024-04-05,422.2959289550781,423.2784485638512,415.1504997519638,416.8276974614869,16544300
2024-04-08,421.3729553222656,424.0425761054586,420.09272093696904,421.9485777283347,14272400
2024-04-09,423.0501708984375,424.4991003259259,418.4254750382327,423.20896224870864,12512300
2024-04-10,420.05303955078125,420.8171944866389,416.5200154975315,418.9911394928746,16216600
2024-04-11,424.6876525878906,426.1167444183971,419.15984809671994,422.5936541739285,17966400
2024-04-12,418.7033386230469,421.9584854811625,416.58947237839413,420.83704242845164,19232100
2024-04-15,410.5059509277344,423.5860815606245,410.2975202475589,423.36774724307367,20273500
2024-04-16,411.4388122558594,415.2298762897989,410.59527673352017,411.4289086182102,16765600
2024-04-17,408.7195739746094,415.70624190109544,407.22100522560083,414.0885872118868,15855500
2024-04-18,401.2069396972656,408.769230365435,400.8893872722647,407.5187673684452,21029900
2024-04-19,396.095947265625,402.4077746386735,394.7561698730406,400.9687488676842,30276500
2024-04-22,397.9219665527344,399.79766079093116,392.7514505668274,397.04862935947983,20286900
2024-04-23,404.48193359375,405.10716505974153,400.0060952402287,401.1771473553241,15734500
2024-04-24,405.96063232421875,409.3447990752087,403.6979086365787,406.45684392489727,15065300
2024-04-25,396.0165710449219,396.8601368410158,385.08998167747234,391.04452101034235,40586500
2024-04-26,403.24139404296875,409.87077362119237,402.6856394846956,409.0470757072221,29694700
2024-04-29,399.2022399902344,403.24140976178137,396.1654273618807,402.1795096483343,19582100
2024-04-30,386.3800964355469,399.11290256766176,386.221335381575,398.4479657229549,28781400
2024-05-01,391.9476318359375,398.6762601059751,387.35270744745037,389.635268755834,23562500
2024-05-02,394.82562255859375,396.8997833087663,391.6597902856064,394.6469936602289,17709400
2024-05-03,403.57879638671875,404.0650740320478,398.8151471589616,399.23197820235123,17446700
2024-05-06,410.40667724609375,410.79370652504514,403.2909899464774,405.6628958084665,16996600
2024-05-07,406.238525390625,411.52815821970637,405.99041958064737,411.5182242956741,20018200
2024-05-08,407.429443359375,409.1066410493604,403.6284454091321,405.07740513834375,11792300
2024-05-09,409.1959533691406,409.59291660377954,406.00034935781423,407.45921271703617,14689700
2024-05-10,411.59759521484375,412.23276061100023,408.67986853475014,409.8112455392715,13402300
2024-05-13,410.5853271484375,415.18025140614657,407.7073059282806,414.84283115281045,15440200
2024-05-14,413.40380859375,414.3267549073316,408.43175863614476,408.8981987547859,15109300
2024-05-15,420.6317443847656,421.35753100749633,414.85536761085484,415.48172683662517,22239500
2024-05-16,418.5538330078125,422.9582208339026,417.91755229509,419.35914332573157,17530100
2024-05-17,417.7783508300781,420.4726906446292,415.61097317740536,420.09488474644235,15352200
2024-05-20,422.8786315917969,424.30034916156967,417.5595849948594,417.77831310874586,16272100
2024-05-21,426.5572814941406,430.46453247000767,422.3915253519068,424.36004826198655,21453300
2024-05-22,428.0286865234375,429.9077641693655,424.6583193119375,427.60118209872775,18073700
2024-05-23,424.5290832519531,431.090897164325,422.9582395726222,430.46453792464195,17211700
2024-05-24,427.6707763671875,428.565562226306,421.95405016489985,424.71796179341015,11845800
2024-05-28,427.8298645019531,428.3269711402922,424.13138989907134,427.14385491376675,15718000
2024-05-29,426.6865234375,428.44627000677747,423.22665032702537,423.22665032702537,15517100
2024-05-30,412.2704162597656,421.84466424386284,411.84288150879064,421.84466424386284,28424800
2024-05-31,412.7277526855469,414.3383733012913,402.1692127903504,414.3383733012913,47995300
2024-06-03,411.1270751953125,414.02023955543035,406.55371826249007,413.1254536486165,17484700
2024-06-04,413.6623229980469,414.03017705380546,407.30928563189894,410.04337212748766,14348900
2024-06-05,421.5563659667969,421.6259378345122,413.89096003424896,415.39223173706347,16988000
2024-06-06,422.0633850097656,422.848821948627,418.14618249774657,421.5563568996983,14861300
2024-06-07,421.3973083496094,423.81323935854607,420.55222098628695,423.73371564550735,13621700
2024-06-10,425.3940124511719,425.6027887352665,421.4370631899479,422.24237348386436,14003000
2024-06-11,430.1761779785156,430.3153823959729,422.78918087724,423.01786084549974,14551100
2024-06-12,438.5076904296875,440.8341457768561,430.7428874309175,432.8009161252906,22366200
2024-06-13,439.0246887207031,440.8242426789463,436.8274858579273,438.2989324414096,15960600
2024-06-14,440.00897216796875,440.5756810111054,434.19281849694386,435.74378876375306,13582000
2024-06-17,445.775390625,448.3305259626429,438.16966532085047,440.0288392462003,20790000
2024-06-18,443.75714111328125,447.53516969127554,442.3155500964385,447.10763493198164,17112500
2024-06-20,443.120849609375,443.946033241849,438.7164619327626,443.7173532757514,19877400
2024-06-21,447.17724609375,447.97260457820744,443.9261796037789,444.79114029939626,34486200
2024-06-24,445.0794372558594,450.1300269693388,443.82671891288334,447.19708588858595,15913700
2024-06-25,448.3404541015625,448.80773551860256,444.1647465305247,445.65606632861267,16747500
2024-06-26,449.54345703125,450.9751265075422,445.59642930053803,446.4017395883299,16507000
2024-06-27,450.2294921875,453.5302875755873,449.1557248487335,449.56335593650766,14806300
2024-06-28,444.3636169433594,452.7448272217048,443.8267333016812,450.44819707911165,28362300
2024-07-01,454.0870056152344,454.7232862857242,443.08105821287796,446.06369781193524,17662800
2024-07-02,456.62225341796875,456.9304570935814,450.48794440717063,450.57745029839504,13979800
2024-07-03,458.1036376953125,458.3521910129211,455.23037712106725,455.5385808076234,9932800
2024-07-05,464.8543395996094,465.6397765538939,456.3140515175161,456.95033221316646,16000300
2024-07-08,463.5419921875,464.99356542878803,461.77229375422786,463.8501958785038,12962300
2024-07-09,456.8807678222656,464.6256672353131,455.3496709136752,464.29759021110544,17207200
2024-07-10,463.55194091796875,463.7607172108967,456.20469022907776,458.55104934272356,18196100
2024-07-11,452.06878662109375,462.0904430463112,448.93699054354346,460.3008712942663,23111200
2024-07-12,450.9254150390625,453.71915189160546,448.0422026334216,451.70090017355875,16324300
2024-07-15,451.3330383300781,454.6139602586164,448.8176800220224,450.67685394437046,14429400
2024-07-16,446.91876220703125,451.671100679191,444.0753266658107,451.5915769633523,17175700
2024-07-17,440.9534606933594,442.2757813397234,436.63857872187197,440.0288496296795,21778000
2024-07-18,437.8216857910156,442.07691730431753,431.886231451246,441.7687136228689,20794800
2024-07-19,434.58056640625,438.587275182443,429.50015094371236,430.59379165551553,20940400
2024-07-22,440.3768310546875,442.0272287343498,436.37015276462773,439.23349185507885,15808800
2024-07-23,442.2757568359375,445.79528012902404,440.53588370152465,441.3312421408644,13107100
2024-07-24,426.4180603027344,438.9252800797557,425.11564336198785,437.90124163761953,26805800
2024-07-25,415.9788513183594,427.31287721528406,415.09401723172687,426.31866388501027,29943800
2024-07-26,422.8090515136719,426.4379540941027,414.8553456338981,415.7799870015666,23583800
2024-07-29,424.2606201171875,429.6492388018038,422.2423684855505,429.0825299821325,15125800
2024-07-30,420.4726867675781,426.5671885866718,414.9448331085773,425.2448982961915,32687600
2024-07-31,415.9291076660156,419.3392517370681,409.82462391670987,418.0666600260145,42891400
2024-08-01,414.6962585449219,424.98637136355273,410.6995323530128,418.3549862264431,30296400
2024-08-02,406.12615966796875,412.59849761680636,402.0001807599968,410.1030126570464,29437900
2024-08-05,392.8633728027344,398.7193036046689,383.34874440032485,386.91799678720787,40709200
2024-08-06,397.29754638671875,403.3225066578681,396.1939842314513,397.6853041219084,24946500
2024-08-07,396.1243896484375,407.70696828580475,395.1699533956427,406.27532907710327,20650900
2024-08-08,400.3597412109375,403.51138026295973,397.62565473832814,400.11118789524573,20203000
2024-08-09,403.6704406738281,405.68869229684987,399.93221959838144,401.6919660750819,19276700
2024-08-12,404.4559020996094,406.39463013243375,401.9007666876047,404.7044554196647,16762900
2024-08-13,411.6142272949219,412.5487901543895,407.19991814538804,407.21979148714996,19414300
2024-08-14,414.4477233886719,415.30276256625774,410.0632696291805,412.3996465083127,18267000
2024-08-15,419.34808349609375,419.42775054091777,415.991550712489,418.1229861127925,20752100
2024-08-16,416.7983093261719,419.6568394696199,415.6329698343419,418.919805326896,22775600
2024-08-19,419.8460693359375,420.0651916950313,414.79631569386714,417.28632868553893,15234000
2024-08-20,423.10302734375,424.15879050030776,419.9556774327427,420.015435317403,16387600
2024-08-21,422.4456787109375,424.69662989295495,420.03533264675815,422.38589043229285,16067300
2024-08-22,413.88995361328125,425.0850728631847,412.95370628251766,422.66475709775676,19361900
2024-08-23,415.1250305175781,417.58516466451346,410.44379375355777,415.3142739439322,18493800
2024-08-26,411.8382263183594,415.6130949578331,409.6968209788455,414.70672647734364,13152800
2024-08-27,412.18682861328125,412.7047404254691,408.61117324322794,411.2107324794244,13492900
2024-08-28,408.9597473144531,413.3421641808517,405.6828816466664,413.22264841837114,14882700
2024-08-29,411.4696960449219,420.3640158924635,408.95977368399144,413.2824329478728,17045200
2024-08-30,415.4736328125,415.822210323597,410.48363692465733,413.93977626013776,24308300
2024-09-03,407.80438232421875,418.20267931936957,405.4040060811421,416.2405478075573,20313600
2024-09-04,407.26654052734375,409.5971891641853,402.7546379619835,404.2884945573242,15135800
2024-09-05,406.75860595703125,411.4497822581618,404.50762432491115,405.9916624475026,14195500
2024-09-06,400.0953369140625,409.00956601687597,399.1989078370585,407.42592125419515,19609500
2024-09-09,404.0992431640625,407.01753119323797,400.5434971977151,405.6131601713445,15295100
2024-09-10,412.5453796386719,414.66684525245614,406.0713456246143,406.56934824108026,19594300
2024-09-11,421.3500671386719,422.29625388353406,407.9438146629927,413.84017908445105,19266900
2024-09-12,425.29425048828125,425.6627675750461,418.07321227741465,421.6189886086143,17418800
2024-09-13,428.869873046875,430.1049097614262,423.7603615358477,424.12887859450143,15874600
2024-09-16,429.61688232421875,431.79813615912246,426.50935094179886,428.879848197679,13834700
2024-09-17,433.41168212890625,440.08492951868885,430.5431821213062,438.47140586333086,18874200
2024-09-18,429.0890197753906,434.28816840172493,428.6906237541022,433.2622842089649,18898000
2024-09-19,436.9375305175781,439.73630274210893,435.15467267064554,439.4673922763036,21706600
2024-09-20,433.53118896484375,437.4853309751932,432.4853956233,435.47341133704515,55167100
2024-09-23,431.77825927734375,434.7164566201473,428.6707276626035,432.5451724016005,15128900
2024-09-24,427.45556640625,431.6188608604207,424.3978231376462,431.2702529601879,17015800
2024-09-25,430.3838195800781,431.38979462226376,426.8579828341436,428.11292879639643,13396400
2024-09-26,429.5870056152344,433.5610566850483,427.41572154773536,433.3519041012862,14492000
2024-09-27,426.3101501464844,430.1248672217253,425.762359424982,429.7961684722898,14896100
2024-09-30,428.5810241699219,428.70057032593814,423.67072584299484,426.49937695538483,16807300
2024-10-01,419.0094299316406,426.7683189487975,417.13693529272734,426.73844000863045,19092900
2024-10-02,415.46368408203125,421.1309565128566,415.0453484935869,420.89189457845896,16582300
2024-10-03,414.87603759765625,417.8739927473743,412.63502577299244,415.9616796785687,13686400
2024-10-04,414.39794921875,418.07321108796054,413.3123071245128,416.5692334072243,19169700
2024-10-07,407.9040222167969,415.4437592952022,407.3661708398638,414.3382079936023,20919800
2024-10-08,413.0533447265625,413.99956190900485,406.5394920239681,409.25856700863125,19229300
2024-10-09,415.7923278808594,418.70067647812056,412.6449477589923,414.19871346026423,14974300
2024-10-10,414.1788024902344,415.68278008253634,411.4995460461954,413.5712539026246,13848400
2024-10-11,414.65692138671875,415.46368322393135,411.59917791222887,414.4776477330423,14144900
2024-10-14,417.46563720703125,422.34605664401147,415.8520832387316,416.1010845405741,16653100
2024-10-15,417.0672302246094,420.7923105426525,413.60115139482065,420.4934907291295,18900200
2024-10-16,414.45770263671875,414.6967341717602,408.84024879356656,413.51151588006746,15508900
2024-10-17,415.0553283691406,420.81223776702603,413.92983752079977,420.6727824355961,14820000
2024-10-18,416.4895324707031,417.97357047210465,414.59712869532103,415.4736181228242,17145300
2024-10-21,417.1070861816406,417.2863598354636,412.09718088424023,414.457708513249,14206100
2024-10-22,425.8022155761719,428.85992860317606,416.3700446113444,416.8182287379404,25482200
2024-10-23,422.9038391113281,429.3579337373482,420.8421009299413,429.13881136450993,19654400
2024-10-24,423.0332946777344,424.2783011634291,420.71258556682636,423.6308734743349,13581600
2024-10-25,426.43963623046875,430.79217425375066,424.8659613297776,425.0552047565001,16899100
2024-10-28,424.8858947753906,430.21452917811945,424.59704472930554,429.93564891158985,14882400
2024-10-29,430.2244873046875,431.43961494644003,424.09903059516625,426.29025434116863,17644100
2024-10-30,430.8021545410156,436.7483071680008,430.3738795735308,435.69254402246366,29749100
2024-10-31,404.72674560546875,414.4975548257246,404.67692710480617,413.70073237613923,53971000
2024-11-01,408.73065185546875,413.8401634297127,405.87212177522963,407.3760993641267,24230400
2024-11-04,406.8282775878906,408.78046967487955,403.9498383507318,408.1629209153218,19672300
2024-11-05,409.8163146972656,413.24257521436044,406.4498120639611,406.73866209939297,17626000
2024-11-06,418.50146484375,418.77040570560524,408.8800507986786,410.77248502778195,26681800
2024-11-07,423.73052978515625,425.1448706929316,418.2027124984046,419.5971138468432,19901800
2024-11-08,420.85205078125,424.7962229099081,420.095077093531,423.6209440547306,16891400
2024-11-11,416.34014892578125,423.11297221775334,414.3381687204943,420.83211176857736,24503300
2024-11-12,421.340087890625,422.744458901271,415.533390819855,416.57918414479684,19401200
2024-11-13,423.50146484375,427.61494119189337,416.5393671420712,419.9556884147255,21502200
2024-11-14,425.1846923828125,426.4595778768523,418.3222016749388,423.30222788535474,30246900
2024-11-15,413.3421936035156,421.1110226744225,411.98764100476023,418.14294637599176,28247600
2024-11-18,414.0991516113281,416.72858966014985,410.45376875637714,413.21269235073834,24742000
2024-11-19,416.1210632324219,416.270457948444,409.90596948487496,411.45973532284427,18133500
2024-11-20,413.8302001953125,415.62302783332285,408.93981090505724,415.2046922657536,19191700
2024-11-21,412.0437927246094,418.9399686403921,409.4689690149979,418.6605301722443,20780200
2024-11-22,416.16552734375,416.56472079906104,410.2374116400306,410.5467888521348,24814600
2024-11-25,417.95196533203125,420.23736087052777,414.0198472532827,417.54278213072394,27691100
2024-11-26,427.133544921875,428.18146205416855,418.01185069672323,418.75036014607525,23458900
2024-11-27,422.1435546875,426.37509083138485,421.17549451394376,424.2593075311874,18332400
2024-11-29,422.61260986328125,424.0297817162198,416.9639323784013,419.24935840992123,16271900
2024-12-02,430.1175842285156,432.13353107658475,420.4669212999132,420.72641076442574,20207200
2024-12-03,430.3371276855469,431.60457529422956,426.88402964452257,428.9798333762607,18302000
2024-12-04,436.544677734375,438.79017518476684,431.7642546343851,432.1634480898198,26009400
2024-12-05,441.7342529296875,443.770179142923,435.2971785217715,437.0436765362191,21697800
2024-12-06,442.682373046875,445.2073090094776,440.88595677867977,441.4148949698492,18821000
2024-12-09,445.12744140625,447.4328163406456,439.6184986530788,441.7143023543043,19144400
2024-12-10,442.4428405761719,448.7202622082635,440.71632196493806,443.500747434082,18469500
2024-12-11,448.0915222167969,449.4488165759074,443.1614051498909,443.1614051498909,19200200
2024-12-12,448.6603698730469,455.24716851093444,448.2112581986308,448.2112581986308,20834800
2024-12-13,446.37493896484375,450.5266178755225,444.6883184556146,447.5426110314286,20177800
2024-12-16,450.6863098144531,451.27512549789225,444.38893932865295,446.37494735046533,23598800
2024-12-17,453.5505676269531,454.3789237624039,448.67036888572403,450.10748972576295,22733500
2024-12-18,436.5147399902344,451.7441820228141,436.1454548251872,450.4168569277278,24444500
2024-12-19,436.15545654296875,442.29314366547726,435.4468858542376,440.73626782337294,22963700
2024-12-20,435.726318359375,442.85201454579715,427.7722660445124,432.2432815476765,64263700
2024-12-23,434.3790283203125,436.7742196281346,431.96385754199804,435.86603695951885,19152500
2024-12-24,438.4508361816406,438.7203153724094,433.32113775673025,433.7802087154167,7164500
2024-12-26,437.2332763671875,440.0576302640168,435.7562575113133,438.20133650274425,8194200
2024-12-27,429.66845703125,434.3490742197977,425.49682901810996,433.73031978660106,18117700
2024-12-30,423.9798583984375,426.6944166190143,421.05572893712207,425.2074080072107,13158700
2024-12-31,420.6565246582031,425.8760697244736,419.81820926028456,425.24732556190753,13246500
2025-01-02,417.74237060546875,425.2174031564215,414.01985416103116,424.67847521686525,16896500
2025-01-03,422.5028381347656,423.1814700735548,418.7004647827294,420.2373611517797,16662900
2025-01-06,426.99383544921875,433.450889550372,424.6285829292995,427.1435291929144,20573600
2025-01-07,421.5247802734375,429.7882097463078,419.957914728963,428.1415176926379,18139100
2025-01-08,423.7104187011719,426.11559975123726,420.69647292951623,422.61261379874435,15054600
2025-01-10,418.11163330078125,423.86008600637365,414.1894746460312,423.7802594986814,20201100
2025-01-13,416.35516357421875,417.66253969684465,411.4649750549722,414.4090535363967,17604800
2025-01-14,414.8382263183594,418.9000587938386,409.89811945983064,416.9739281792526,16935900
2025-01-15,425.4569091796875,427.29322350331137,417.4329894853562,418.29128437786517,19637800
2025-01-16,423.7303466796875,428.6305247845027,423.5407549144398,427.84212760615685,15300000
2025-01-17,428.1714782714844,433.61058460419247,427.31321381371214,433.22135040368397,26197500
2025-01-21,427.64251708984375,430.03770829379437,424.7483264493822,429.33912735658424,26085700
2025-01-22,445.30712890625,446.37496460039233,435.1275277712005,436.68440364505375,27803800
2025-01-23,445.8160705566406,445.85599903960934,440.61650492666485,441.1155043659929,18389300
2025-01-24,443.17138671875,445.7562002010948,440.5167060042179,444.2691915941594,15549500
2025-01-27,433.6903991699219,434.32913308449037,422.6525337820519,423.16152296669173,35647800
2025-01-28,446.30511474609375,447.4827461239755,430.51676503368185,433.73032267022137,23491700
2025-01-29,441.44482421875,445.98573732495043,439.51869372032735,445.79611510422404,23581400
2025-01-30,414.1595458984375,422.0137922192137,412.33322134699057,417.9319804505241,54586300
2025-01-31,414.22943115234375,419.84816997012905,414.0797374049759,418.141600337115,34223400
2025-02-03,410.09771728515625,414.57872255523336,407.8422300476431,410.7763492208031,25679100
2025-02-04,411.5447998046875,413.09171636714575,408.9200578355856,411.86416676091864,20532100
2025-02-05,412.4629821777344,413.0018796658512,409.5787506797878,411.5248607564065,16316700
2025-02-06,414.9879150390625,417.36315732347487,413.1715497090401,413.1715497090401,16309800
2025-02-07,408.9300537109375,417.8122379259866,407.2833615993766,415.6465973451397,22886800
2025-02-10,411.3951110839844,414.62861779989964,410.0977246861568,412.8821197108573,20817900
2025-02-11,410.6166687011719,411.6645553606299,408.48093644203584,408.8202828688126,18140600
2025-02-12,408.2214660644531,409.92803560329327,403.56079794352274,406.3951110778186,19121700
2025-02-13,409.7184753417969,410.17754630619044,405.54681680905935,406.185550721702,23891700
2025-02-14,407.6126708984375,408.0917213200678,405.06778596420224,406.9739674594389,22758500
2025-02-18,408.8202819824219,409.7783523938356,405.6865508328786,407.18354917543536,21423100
2025-02-19,413.94000244140625,414.6585628844229,406.8342549807474,407.06380569744374,24114200
2025-02-20,416.1300048828125,419.30999755859375,412.5400085449219,415.2900085449219,23508700
2025-02-21,408.2099914550781,418.04998779296875,407.8900146484375,417.3399963378906,27524800
2025-02-24,404.0,409.3699951171875,399.32000732421875,408.510009765625,26443700
2025-02-25,397.8999938964844,401.9200134277344,396.70001220703125,401.1000061035156,29387400
2025-02-26,399.7300109863281,403.6000061035156,394.25,398.010009765625,19619000
2025-02-27,392.5299987792969,405.739990234375,392.1700134277344,401.2699890136719,21127400
2025-02-28,396.989990234375,397.6300048828125,386.57000732421875,392.6600036621094,32845700
2025-03-03,388.489990234375,398.82000732421875,386.1600036621094,398.82000732421875,23007700
2025-03-04,388.6099853515625,392.5799865722656,381.0,383.3999938964844,29342900
2025-03-05,401.0199890136719,401.6700134277344,388.80999755859375,389.3399963378906,23433100
2025-03-06,396.8900146484375,402.1499938964844,392.67999267578125,394.2799987792969,23304600
2025-03-07,393.30999755859375,394.79998779296875,385.5400085449219,392.32000732421875,22034100
2025-03-10,380.1600036621094,386.3999938964844,377.2200012207031,385.8399963378906,32840100
2025-03-11,380.45001220703125,386.0,376.9100036621094,379.0,30380200
2025-03-12,383.2699890136719,385.2200012207031,378.95001220703125,382.95001220703125,24253600
2025-03-13,378.7699890136719,385.32000732421875,377.45001220703125,383.1600036621094,20473000
2025-03-14,388.55999755859375,390.2300109863281,379.510009765625,379.7799987792969,19952800
2025-03-17,388.70001220703125,392.7099914550781,385.57000732421875,386.70001220703125,22474300
2025-03-18,383.5199890136719,387.3699951171875,381.1000061035156,387.07000732421875,19486900
2025-03-19,387.82000732421875,389.67999267578125,384.0,385.5299987792969,19185500
2025-03-20,386.8399963378906,391.7900085449219,383.2799987792969,385.739990234375,18470500
2025-03-21,391.260009765625,391.739990234375,382.79998779296875,383.2200012207031,39675900
2025-03-24,393.0799865722656,395.3999938964844,389.80999755859375,395.3999938964844,21004500
2025-03-25,395.1600036621094,396.3599853515625,392.6400146484375,393.9200134277344,15775000
2025-03-26,389.9700012207031,395.30999755859375,388.57000732421875,395.0,16108400
2025-03-27,390.5799865722656,392.239990234375,387.3999938964844,390.1300048828125,13766800
2025-03-28,378.79998779296875,389.1300048828125,376.92999267578125,388.0799865722656,21632000
2025-03-31,375.3900146484375,377.07000732421875,367.239990234375,372.5400085449219,35184700
2025-04-01,382.19000244140625,382.8500061035156,373.2300109863281,374.6499938964844,19689500
2025-04-02,382.1400146484375,385.0799865722656,376.6199951171875,377.9700012207031,16092600
2025-04-03,373.1099853515625,377.4800109863281,369.3500061035156,374.7900085449219,30198000
2025-04-04,359.8399963378906,374.5899963378906,359.4800109863281,364.1300048828125,49209900
2025-04-07,357.8599853515625,371.0,344.7900085449219,350.8800048828125,50425000
2025-04-08,354.55999755859375,373.6499938964844,350.25,368.260009765625,35868900
2025-04-09,390.489990234375,393.2300109863281,353.1000061035156,353.5400085449219,50199700
2025-04-10,381.3500061035156,383.8999938964844,367.79998779296875,382.05999755859375,38024400
2025-04-11,388.45001220703125,390.04998779296875,378.8900146484375,380.6400146484375,23839200
2025-04-14,387.80999755859375,394.6499938964844,384.2099914550781,393.2200012207031,19251200
2025-04-15,385.7300109863281,391.8900146484375,384.1600036621094,388.510009765625,17199900
2025-04-16,371.6099853515625,381.6099853515625,368.0,380.6700134277344,21967800
2025-04-17,367.7799987792969,374.32000732421875,366.8900146484375,373.75,20943700
2025-04-21,359.1199951171875,364.4800109863281,355.6700134277344,362.82000732421875,20807300
2025-04-22,366.82000732421875,367.7699890136719,359.8599853515625,363.3800048828125,19485000
2025-04-23,374.3900146484375,380.3900146484375,373.0199890136719,376.05999755859375,20545500
2025-04-24,387.29998779296875,388.45001220703125,375.19000244140625,375.70001220703125,22232300
2025-04-25,391.8500061035156,392.1600036621094,384.6000061035156,387.0,18963600
